{
  "GET /async/replenish/metrics" : {
    "transaction" : "GET /async/replenish/metrics",
    "sampleCount" : 2000,
    "errorCount" : 0,
    "errorPct" : 0.0,
    "meanResTime" : 1.9534999999999947,
    "medianResTime" : 1.0,
    "minResTime" : 0.0,
    "maxResTime" : 223.0,
    "pct1ResTime" : 3.0,
    "pct2ResTime" : 4.0,
    "pct3ResTime" : 6.0,
    "throughput" : 203.95676116663267,
    "receivedKBytesPerSec" : 44.814718029777694,
    "sentKBytesPerSec" : 27.685536916173774
  },
  "Total" : {
    "transaction" : "Total",
    "sampleCount" : 2000,
    "errorCount" : 0,
    "errorPct" : 0.0,
    "meanResTime" : 1.9534999999999947,
    "medianResTime" : 1.0,
    "minResTime" : 0.0,
    "maxResTime" : 223.0,
    "pct1ResTime" : 3.0,
    "pct2ResTime" : 4.0,
    "pct3ResTime" : 6.0,
    "throughput" : 203.95676116663267,
    "receivedKBytesPerSec" : 44.814718029777694,
    "sentKBytesPerSec" : 27.685536916173774
  }
}