{
  "GET /async/replenish/metrics" : {
    "transaction" : "GET /async/replenish/metrics",
    "sampleCount" : 2000,
    "errorCount" : 0,
    "errorPct" : 0.0,
    "meanResTime" : 1.520999999999999,
    "medianResTime" : 1.0,
    "minResTime" : 0.0,
    "maxResTime" : 264.0,
    "pct1ResTime" : 3.0,
    "pct2ResTime" : 3.0,
    "pct3ResTime" : 5.0,
    "throughput" : 204.66639377814164,
    "receivedKBytesPerSec" : 44.970643164142444,
    "sentKBytesPerSec" : 27.781863999181333
  },
  "Total" : {
    "transaction" : "Total",
    "sampleCount" : 2000,
    "errorCount" : 0,
    "errorPct" : 0.0,
    "meanResTime" : 1.520999999999999,
    "medianResTime" : 1.0,
    "minResTime" : 0.0,
    "maxResTime" : 264.0,
    "pct1ResTime" : 3.0,
    "pct2ResTime" : 3.0,
    "pct3ResTime" : 5.0,
    "throughput" : 204.66639377814164,
    "receivedKBytesPerSec" : 44.970643164142444,
    "sentKBytesPerSec" : 27.781863999181333
  }
}